{"cameraMode":{"drawMode":0,"name":"Shaded","section":"Shading Mode"},"sceneLighting":false,"audioPlay":false,"sceneViewState":{"showFog":true,"showMaterialUpdate":false,"showSkybox":true,"showFlares":true,"showImageEffects":true,"showParticleSystems":true},"in2DMode":false,"pivot":{"x":0.995387077331543,"y":0.6252034902572632,"z":-0.43328630924224856},"rotation":{"x":-0.08449753373861313,"y":0.9148765802383423,"z":-0.26090845465660097,"w":-0.2962900400161743},"size":3.270411252975464,"orthographic":false}